Property,High_Attention,Low_Attention,Difference
hydrophobic,31.575167341779427,31.569049953290403,0.006117388489023767
polar,44.563187681346776,44.753974935016494,-0.19078725366971838
positive,5.1825677267373385,5.275413429038936,-0.09284570230159783
negative,8.79370277801718,8.567776265056484,0.22592651296069555
special,9.88537447211928,9.833785417597683,0.05158905452159601
