Amino_Acid,High_Attention,Low_Attention,All,Property,Enrichment
A,10.316297509264844,10.517108184976944,10.478050385817838,hydrophobic,0.9799744932788907
C,6.900514234824327,6.932247407299632,6.9318460654663445,polar,0.9939885212919057
D,2.970496136056767,2.79720643102857,2.78718386175799,negative,1.0581680432273617
E,5.823206641960413,5.770569834027915,5.754444915951468,negative,1.0073758832012567
F,10.184147777873537,10.35122847980748,10.345402950864155,hydrophobic,0.9829092947540876
G,9.88537447211928,9.833785417597683,9.868420672792409,special,1.0042249046233014
H,1.037088109396995,1.0705101335005411,1.067530390552154,positive,0.9598134040974967
I,1.0428337498922693,1.0937783274383392,1.0789042946591725,hydrophobic,0.9447854917685231
K,0.6722399379470827,0.819756371039355,0.8003302473679804,positive,0.8101654430264069
L,4.133988336349795,4.016448245878411,4.022840185100185,hydrophobic,1.0267084248708436
M,0.24993536154442816,0.30739420477627316,0.3019280788205781,hydrophobic,0.7874603813910345
N,2.7636530782268953,2.9495178345221476,2.95484791011729,polar,0.9338186937039097
P,3.030825361257146,2.999287519818381,2.9969948644224855,hydrophobic,1.0071571231718215
Q,6.664942974518084,6.550140937125068,6.594237414370957,polar,1.0159755771099248
R,3.4732396793932607,3.385146924499041,3.4127197198670927,positive,1.0230012887898048
S,15.541957539716739,15.634898364759831,15.633546666204781,polar,0.9934201665844652
T,6.415007612973657,6.581781061884158,6.549434624588995,polar,0.9731827487516747
V,1.907552644431038,1.6776771991330142,1.7114838903370888,hydrophobic,1.1302828795761282
W,0.7095866011663651,0.6061277914615544,0.6090234897100809,hydrophobic,1.1516873788197597
Y,6.277112241087075,6.1053893294256625,6.100829371230951,polar,1.026445235609652
